accession	secondary accession	name	release date	last update date	samples	microarrays	status
E-GEOD-60438	GSE60438	Transcriptome profiling of deciduas from pre-eclamptic and normotensive pregnancies	2015-08-05	2015-08-19	125	Illumina HumanWG-6 v3.0 Expression BeadChip, Illumina HumanHT-12 V4.0 expression beadchip	Unified, Has minimal sample data
E-MTAB-3309	_	Transcription profiling of human blood monocyte-derived macrophages that were non- or IL-4-activated and treated with small interfering RNA against CD74 (siRNA CD74) or non-targeting siRNA (siRNA non-targeting)	2015-04-29	2015-02-11	24	Illumina HumanHT-12_V4_0_R1_15002873_B	Unified, Cell Сulture
E-GEOD-54618	GSE54618	Microarray analysis of human pre-eclamptic placenta	2014-04-01	2014-06-03	24	Illumina HumanHT-12 V4.0 expression beadchip	Mail Sent, Has minimal sample data
E-GEOD-73375	GSE73375	Epigenetics and Preeclampsia: Defining Functional Epimutations in the Preeclamptic Placenta Related to the TGF-β Pathway [methylation]	2015-09-24	2015-09-25	36	Illumina HumanMethylation450 BeadChip (HumanMethylation450_15017482_v.1.1)	Unified, Has minimal sample data, Excluded
E-GEOD-73377	GSE73377	Epigenetics and Preeclampsia: Defining Functional Epimutations in the Preeclamptic Placenta Related to the TGF-β Pathway	2015-09-24	2015-09-25	72	Illumina HumanMethylation450 BeadChip (HumanMethylation450_15017482_v.1.1), [HuGene-2_0-st] Affymetrix Human Gene 2.0 ST Array [transcript (gene) version]	Has minimal sample data, Excluded
E-GEOD-73685	GSE73685	Unique inflammatory transcriptome profiles at the maternal fetal interface and onset of human preterm and term birth	2016-06-30	2016-07-01	183	Affymetrix GeneChip Human Gene 1.0 ST Array [HuGene-1_0-st-v1]	Unified, Has minimal sample data
E-GEOD-54400	GSE54400	Transcriptome analysis of human umbilical cord fibroblasts from babies whose mother experienced preeclampsia	2014-08-31	2014-10-06	47	Illumina HumanHT-12 V4.0 expression beadchip	Unified, Cell Сulture
E-GEOD-35574	GSE35574	Differentially expressed microRNAs revealed by molecular signatures of Preeclampsia and IUGR in human placenta	2012-02-07	2012-02-15	94	Illumina Human-6 v2 Expression BeadChip	Mail Sent, Has minimal sample data
E-GEOD-49343	GSE49343	Overlapping DNA methylation profile between placentas with trisomy 16 and early-onset preeclampsia	2014-01-15	2014-01-26	30	Illumina HumanMethylation450 BeadChip (HumanMethylation450_15017482_v.1.1)	Unified, Has minimal sample data, Excluded
E-GEOD-48424	GSE48424	Severe preeclampsia: new blood circulating biomarkers	2014-05-14	2014-06-03	36	Agilent Whole Human Genome Microarray 4x44K 014850 G4112F (85 cols x 532 rows)	Mail Sent, Mail Received, Has minimal sample data
E-GEOD-59274	GSE59274	Comprehensive Analysis of Preeclampsia-Associated DNA Methylation in the Placenta	2014-07-12	2014-07-14	48	Illumina HumanMethylation27 BeadChip (HumanMethylation27_270596_v.1.2)	Unified, Excluded
E-GEOD-38747	GSE38747	Regulatory role of multinucleated giant cells derived from placental CD14+ macrophages: Pathophysiological implications	2014-01-07	2014-06-02	12	Agilent Whole Human Genome Microarray 4x44K 014850 G4112F (85 cols x 532 rows)	Unified, Cell Сulture
E-GEOD-57767	GSE57767	Epigenome analysis of normal and preeclamptic placenta samples	2014-05-20	2014-05-25	45	Illumina HumanMethylation450 BeadChip (HumanMethylation450_15017482_v.1.1)	Unified, Mail Sent, Has minimal sample data, Excluded
E-GEOD-57050	GSE57050	miRNA Profile in Normal and Preeclamptic Placenta	2014-04-25	2014-06-03	10	[miRNA-2_0] Affymetrix Multispecies miRNA-2_0 Array	Unified, Mail Sent, Has minimal sample data
E-GEOD-47187	GSE47187	Analysis of differentially expressed genes in placental tissues of Pre-eclampsia Using microarray combined with Connectivity Map database	2013-10-01	2014-06-03	10	Agilent-028004 SurePrint G3 Human GE 8x60K Microarray (Probe Name Version)	Mail Sent, Has minimal sample data
E-GEOD-40182	GSE40182	Preeclampsia: the in vivo milieu leads to cytotrophoblast dysregulation	2012-08-17	2012-09-26	39	Affymetrix GeneChip Human Genome U133 Plus 2.0 [HG-U133_Plus_2]	Unified, Cell Сulture
E-GEOD-15787	GSE15787	Latexin is downregulated in human upper digestive track tumors and exhibits tumor suppressor potential	2011-04-14	2014-05-03	18	Capitalbio 22K Human oligo array version 1.0, Capitalbio mammal microRNA V3.0	Excluded
E-GEOD-13475	GSE13475	Transcription profiling of human choriocarcinoma cells overexpressing STOX1 mimicks transcriptional alterations observed in preeclamptic placentas	2008-11-14	2011-06-10	2	Affymetrix GeneChip Human Genome U133 Plus 2.0 [HG-U133_Plus_2]	Unified, Cell Сulture
E-GEOD-41336	GSE41336	Cultured Cyto and Syncytio-trophoblast samples exposed to varying degrees of hypoxia (methylation)	2013-01-18	2013-01-28	90	Illumina HumanMethylation450 BeadChip (HumanMethylation450_15017482_v.1.1)	Unified, Cell Сulture, Excluded
E-GEOD-15789	GSE15789	Differential expression of microRNAs in the placentae of Chinese patients with severe pre-eclampsia	2011-04-14	2014-05-03	16	Capitalbio mammal microRNA V3.0	Unified, Mail Sent, Has minimal sample data, Excluded
E-GEOD-41331	GSE41331	Cultured Cyto and Syncytio-trophoblast samples exposed to varying degrees of hypoxia (expression)	2013-01-18	2014-06-02	15	Illumina HumanHT-12 V4.0 expression beadchip	Unified, Cell Сulture
E-GEOD-44711	GSE44711	Gene expression in Early-Onset Preeclampsia Placentas and Controls	2013-06-21	2014-06-02	16	Illumina HumanHT-12 V4.0 expression beadchip	Unified, Has minimal sample data
E-GEOD-22526	GSE22526	Gene expression profiling of placenta from women with early- and late-onset preeclampsia reveals differences in angiogenesis	2011-02-28	2014-05-01	30	GynObsLU Human 800 PE-associated cDNA	Excluded
E-GEOD-31679	GSE31679	A Comparative Analysis of the Transcriptome of Hypoxia and Inflammation in Swan 71 Human Trophophoblast Cells: Its Implications in Preeclampsia	2011-11-15	2011-11-21	39	Illumina HumanHT-12 v3.0 Expression BeadChip	Mail Sent, Mail Received, Cell Сulture
E-GEOD-50783	GSE50783	LncRNAs Expression in Preeclampsia Placenta Reveals the Potential Role of LncRNAs Contributing to Preeclampsia Pathogenesis	2013-09-12	2014-05-13	11	Arraystar Human LncRNA microarray V2.0 (Agilent_033010 Probe Name version)	Unified, Mail Sent, Has minimal sample data, Excluded
E-GEOD-41681	GSE41681	Influence of plasma from normal and preeclamptic women on HUVEC cells	2013-06-30	2014-06-02	4	Agilent-028004 SurePrint G3 Human GE 8x60K Microarray (Probe Name Version)	Unified, Cell Сulture
E-GEOD-44712	GSE44712	Early-Onset Preeclampsia Placentas and Controls	2013-06-21	2014-05-03	56	Illumina HumanHT-12 V4.0 expression beadchip, Illumina HumanMethylation450 BeadChip (HumanMethylation450_15017482_v.1.1)	Has minimal sample data, Excluded
E-MTAB-3348	_	Long term exposure of HUVEC to plasma from preeclamptic versus normal pregnancies	2015-06-29	2015-02-23	4	Agilent 028004 SurePrint G3 Human GE 8x60K Microarray	Unified, Cell Сulture
E-GEOD-24129	GSE24129	Gene expression profiling for placentas from pre-eclamptic, unexplained FGR and normal pregnancies	2010-09-15	2011-06-10	24	Affymetrix GeneChip Human Gene 1.0 ST Array [HuGene-1_0-st-v1]	Unified, Mail Sent, Has minimal sample data
E-GEOD-10588	GSE10588	Placental gene expression in severe preeclampsia	2010-05-26	2014-05-02	43	Applied Biosystems Human Genome Survey Microarray v2.0	Unified, Mail Sent, Has minimal sample data
E-GEOD-13155	GSE13155	Transcription profiling of mouse placental labyrinth and human villus tree	2009-06-22	2011-06-10	4	Affymetrix GeneChip Mouse Genome 430 2.0 [Mouse430_2], Affymetrix GeneChip Human Genome U133 Plus 2.0 [HG-U133_Plus_2]	Unified, Has minimal sample data
E-GEOD-4707	GDS2080	Transcription profiling of placenta from women who underwent a normal pregnancy and from those suffering from early or late onset pre-eclampsia	2008-05-07	2014-05-03	28	Agilent Whole Human Genome Oligo Microarray 012391 G4112A	Has minimal sample data
E-GEOD-25906	_	_	_	_	_		Unified, Has minimal sample data, Excluded
E-GEOD-14722	GSE14722	Severe Preeclampsia-Related Changes in Gene Expression at the Maternal-Fetal Interface Include Siglec-6 and Pappalysin-2	2009-02-06	2012-03-27	46	Affymetrix GeneChip Human Genome HG-U133B [HG-U133B], Affymetrix GeneChip Human Genome HG-U133A [HG-U133A]	Mail Sent, Has minimal sample data
E-GEOD-12216	GSE12216	Gene expression profiling indicates inflammatory pathways involved in IUGR due to placental insufficiency	2008-08-01	2012-03-27	16	Applied Biosystems Human Genome Survey Microarray v2.0	Mail Sent, Has minimal sample data
E-TABM-682	_	Transcription profiling of human decidua basalis to identify pre-eclampsia susceptibility genes	2009-04-07	2014-05-02	104	Illumina Human-6 v2 Expression BeadChip	Mail Sent, Has minimal sample data
E-GEOD-4100	GSE4100	Transcription profiling of human trophoblast cell cultures	2008-06-12	2011-06-10	2	Affymetrix GeneChip Human Genome U133 Plus 2.0 [HG-U133_Plus_2]	Unified, Cell Сulture
E-GEOD-12767	GSE12767	Transcription profiling by array of human placenta from patients with preeclampsia	2008-11-29	2013-08-15	12	Affymetrix GeneChip Human Genome U133 Plus 2.0 [HG-U133_Plus_2]	Unified, Mail Sent, Has minimal sample data
E-GEOD-6573	GSE6573	Transcription profiling of human adipose tissue, decidua and placenta from patients with preeclampsia vs. unaffected indviduals reveals dysregulation of the circulating and tissue-based renin-angiotensin system in preeclampsia	2008-06-14	2012-03-27	6	Affymetrix GeneChip Human Genome U133 Plus 2.0 [HG-U133_Plus_2]	Unified, Has minimal sample data
E-GEOD-36083	GSE36083	Transcriptomic Analysis of Placenta Affected by Antiphospholipid Antibodies: Following the TRAIL of trophoblast death	2012-02-27	2012-03-06	6	Affymetrix GeneChip Human Genome U133 Plus 2.0 [HG-U133_Plus_2]	Unified, Has minimal sample data
E-GEOD-9984	GSE9984	Transcription profiling of human placentae of different gestational ages: an opru network and uw scor study	2008-06-17	2011-06-10	12	Affymetrix GeneChip Human Genome U133 Plus 2.0 [HG-U133_Plus_2]	Unified, Mail Sent, Mail Received, Has minimal sample data
E-MTAB-3265	_	Transcription profiling by array of placental vilous tissues from women with high or low risks of developing placental complications during pregnancy	2015-07-22	2015-01-23	22	Illumina HumanHT-12 v3.0 Expression BeadChip	Unified, Has minimal sample data
E-GEOD-74341	GSE74341	Gene expression profiling reveal different molecular pattern in G-protein coupled receptor protein signaling pathway between early- and late-onset preeclampsia	2015-10-27	2015-11-24	50	Agilent-039494 SurePrint G3 Human GE v2 8x60K Microarray 039381	Unified, Has minimal sample data
E-GEOD-43942	GSE43942	Gene expression profiling for placentas from pre-eclamptic and normal pregnancies	2013-02-01	2014-04-03	12	NimbleGen Homo sapiens HG18 Expression Array (12x135k)	Unified, Mail Sent, Has minimal sample data
E-GEOD-44667	GSE44667	DNA methylation in Early Onset Preeclamptic placentas	2013-06-21	2013-07-01	40	Illumina HumanMethylation450 BeadChip (HumanMethylation450_15017482_v.1.1)	Unified, Has minimal sample data, Excluded
E-GEOD-30186	GSE30186	Genome-wide analysis of gene expression in placentas derived from patients with preeclampsia	2011-06-24	2011-07-08	12	Illumina HumanHT-12 V4.0 expression beadchip	Unified, Mail Sent, Has minimal sample data
E-GEOD-37901	GSE37901	Mid-gestational gene expression profile in placenta and link to pregnancy complications	2012-05-10	2012-05-21	4	Affymetrix GeneChip Human Genome U133 Plus 2.0 [HG-U133_Plus_2]	Unified, Mail Received, Has minimal sample data
E-GEOD-73374	GSE73374	Epigenetics and Preeclampsia: Defining Functional Epimutations in the Preeclamptic Placenta Related to the TGF-β Pathway [gene expression]	2015-09-24	2015-09-25	36	[HuGene-2_0-st] Affymetrix Human Gene 2.0 ST Array [transcript (gene) version]	Unified, Has minimal sample data
E-MEXP-1050	_	Transcription profiling of decidua basalis from women with normal pregnancies or preeclampsia and/or fetal growth restriction	2007-08-31	2014-05-02	35	Affymetrix GeneChip Human Genome Focus Array [HG-Focus]	Excluded
